<?xml version="1.0" encoding="UTF-8" standalone="yes"?>
<addon id="script.openstreetmap" name="OpenStreetMap" version="0.3.0" provider-name="Brian Hornsby">
  <requires>
    <import addon="xbmc.python" version="2.1.0"/>
    <import addon="script.module.simplejson" version="2.0.10"/>
  </requires>
  <extension point="xbmc.python.script" library="default.py"/>
  <extension point="xbmc.addon.metadata">
    <platform>all</platform>
    <summary lang="en">OpenStreetMap</summary>
    <description lang="en">A script that allows access to OpenStreetMap on Kodi.[CR][CR]All data is provided by © OpenStreetMap contributors (http://www.openstreetmap.org/).[CR]The data is available under the Open Database Licence (www.opendatacommons.org/licenses/odbl).[CR]MapQuest-OSM Tiles Courtesy of MapQuest (http://www.mapquest.com/)[CR]MapQuest Open Aerial Tiles Courtesy of MapQuest (http://www.mapquest.com/); Portions Courtesy of NASA/JPL-Caltech and U.S. Depart. of Agriculture, Farm Service Agency[CR]Nominatim Search Courtesy of MapQuest (http://www.mapquest.com/).
    </description>
  </extension>
</addon>
