<?xml version="1.0" encoding="UTF-8" standalone="yes"?>
<addon id="plugin.video.bbciplayer" name="BBC iPlayer" version="1.2.5" provider-name="CaptainT, Cas, ihurst">
  <requires>
    <import addon="xbmc.python" version="2.1.0"/>
    <import addon="script.module.requests" version="2.7.0"/>
  </requires>
  <extension point="xbmc.python.pluginsource" library="default.py">
        <provides>video</provides>
  </extension>
  <extension point="xbmc.addon.metadata">
    <summary lang="en">Watch TV from BBC iPlayer</summary>
    <description lang="en">This plugin (UK only) enables playing of Live and Catchup TV content from the BBC iPlayer website.</description>
    <platform>all</platform>
  </extension>
</addon>
