<?xml version="1.0" encoding="UTF-8" standalone="yes"?>
<addon id="repository.brianhornsby" name="Brian Hornsby's Repository" version="1.0.0" provider-name="brianhornsby">
	<extension point="xbmc.addon.repository" name="Brian Hornsby's Repository">
		<info>https://raw.githubusercontent.com/brianhornsby/repository.brianhornsby/master/repository.xml</info>
		<checksum>https://raw.githubusercontent.com/brianhornsby/repository.brianhornsby/master/repository.xml.md5</checksum>
		<datadir zip="true">https://raw.githubusercontent.com/brianhornsby/repository.brianhornsby/master/releases/</datadir>
	</extension>
	<extension point="xbmc.addon.metadata">
		<summary>Repository for Brian Hornsby's Kodi add-ons and scripts.</summary>
		<description>Repository for Brian Hornsby's Kodi add-ons and scripts. Add-ons: BBC iPlayer and TuneIn Radio. Scripts: OpenVPN and SimilarTracks.</description>
		<disclaimer></disclaimer>
		<platform>all</platform>
	</extension>
</addon>